qid,number_of_words
1,15
3,11
5,15
7,13
9,16
11,20
13,5
15,8
17,9
19,13
21,10
23,10
25,8
27,8
29,31
31,18
33,5
35,13
37,15
39,10
41,6
43,7
45,10
47,8
49,18
51,15
53,5
55,9
57,9
59,9
61,10
63,17
65,15
67,22
69,9
71,14
73,27
75,31
77,7
79,18
81,5
83,9
85,10
87,17
89,16
91,10
93,12
95,27
97,14
99,6
101,10
103,16
105,6
107,14
109,9
111,8
113,5
115,10
117,29
119,9
121,12
123,15
125,16
127,7
129,10
131,12
133,8
135,9
137,8
139,22
141,7
143,7
145,7
147,18
149,16
151,22
153,7
155,14
157,9
159,6
161,27
163,13
165,27
167,6
169,15
171,10
173,23
175,9
177,10
179,15
181,11
183,17
185,11
187,5
189,7
191,6
193,11
195,7
197,32
199,11
201,21
203,10
205,16
207,9
209,11
211,14
213,8
215,8
217,10
219,12
221,9
223,10
225,10
227,7
229,8
231,14
233,15
235,13
237,15
239,12
241,9
243,13
245,8
247,9
249,8
251,19
253,8
255,13
257,23
259,8
261,6
263,6
265,9
267,13
269,11
271,6
273,10
275,11
277,8
279,8
281,7
283,7
285,11
287,7
289,21
291,11
293,8
295,24
297,13
299,14
301,7
303,9
305,9
307,9
309,5
311,7
313,23
315,11
317,13
319,8
321,8
323,28
325,8
327,10
329,12
331,11
333,9
335,22
337,7
339,17
341,10
343,8
345,9
347,12
349,10
351,8
353,9
355,13
357,9
359,4
361,8
363,9
365,15
367,8
369,13
371,24
373,11
375,24
377,11
379,11
381,9
383,8
385,8
387,19
389,11
391,10
393,9
395,11
397,9
399,17
401,13
403,18
405,9
407,7
409,30
411,23
413,9
415,13
417,18
419,5
421,19
423,36
425,15
427,11
429,16
431,8
433,17
435,10
437,10
439,7
441,7
443,6
445,8
447,13
449,9
451,17
453,19
455,5
457,12
459,17
461,10
463,10
465,22
467,6
469,16
471,9
473,10
475,15
477,13
479,13
481,11
483,42
485,18
487,12
489,14
491,8
493,5
495,7
497,29
499,14
501,8
503,10
505,11
507,9
509,11
511,6
513,16
515,10
517,15
519,14
521,19
523,11
525,9
527,11
530,11
532,23
534,16
536,10
538,8
540,11
542,9
544,37
546,12
548,12
550,16
552,20
554,6
556,12
558,6
560,9
562,17
564,20
566,29
568,11
570,12
572,7
574,14
576,10
578,15
580,17
582,17
584,4
586,7
588,8
590,17
592,9
594,15
596,13
598,8
600,8
602,8
604,5
606,4
608,8
610,20
612,19
614,11
616,9
618,12
620,9
622,8
624,18
626,9
628,7
630,9
632,19
634,8
636,7
638,7
640,48
642,14
644,6
646,6
648,12
650,10
652,13
653,10
655,6
657,6
659,19
661,12
663,9
665,9
667,16
669,13
671,9
673,10
675,31
677,10
679,9
681,4
683,12
685,17
687,10
689,15
691,10
693,7
695,9
697,10
699,8
701,13
703,16
705,9
706,17
708,18
710,17
712,13
714,12
716,6
718,9
720,6
722,37
724,12
726,8
728,12
730,16
732,7
734,9
736,7
738,8
740,29
742,9
744,8
746,8
748,31
750,11
752,9
754,9
756,11
758,11
760,8
762,17
764,10
766,9
768,8
770,13
772,10
774,5
776,10
778,13
780,9
782,10
784,7
786,10
788,4
790,12
792,12
794,34
796,10
798,8
800,7
802,11
804,8
806,10
808,7
810,30
812,15
814,14
816,6
818,29
820,14
822,11
824,31
826,17
828,12
830,8
832,9
834,13
836,7
838,8
840,5
842,8
844,23
846,13
848,14
850,9
852,26
854,11
856,14
858,12
860,11
862,12
864,11
866,9
868,7
870,15
872,9
874,10
876,22
878,12
880,8
882,9
884,9
886,9
888,8
890,10
892,5
894,9
896,18
898,8
900,8
902,14
904,13
906,11
908,10
910,12
912,10
914,15
916,7
918,11
920,16
922,11
924,17
926,6
928,24
930,15
932,9
934,11
936,8
938,15
940,12
942,6
944,16
946,6
948,6
950,6
952,9
954,9
956,5
958,10
960,11
962,8
964,8
966,13
968,4
970,12
972,15
974,8
976,15
978,8
980,11
982,7
984,4
986,10
988,8
990,19
992,5
994,11
996,9
998,12
1000,8
1002,9
1004,10
1006,10
1008,10
1010,9
1012,10
1014,11
1016,11
1018,29
1020,15
1022,6
1024,8
1026,7
1028,13
1030,10
1032,12
1034,5
1036,35
1038,10
1040,12
1042,10
1044,11
1046,7
1048,9
1050,11
1052,13
1054,36
1056,10
1058,12
1060,24
1062,7
1064,7
1066,10
1068,25
1070,15
1072,8
1074,9
1076,19
1078,10
1080,11
1082,5
1084,19
1086,8
1088,9
1090,10
1092,8
1094,10
1096,8
1098,7
1100,18
1102,14
1104,16
1106,13
1108,9
1110,7
1112,10
1114,10
1116,7
1118,11
1120,20
1122,15
1124,7
1126,8
1128,9
1130,10
1132,18
1134,7
1136,28
1138,25
1140,11
1142,10
1144,11
1146,16
1148,11
1150,33
1152,7
1154,8
1156,8
1158,13
1160,9
1162,12
1164,13
1166,11
1168,12
1170,9
1172,24
1174,11
1176,8
1178,13
1180,7
1182,6
1184,8
1186,19
1188,10
1190,8
1192,11
1194,7
1196,19
1198,6
1200,8
1202,9
1204,8
1206,11
1208,9
1210,17
1212,15
1214,8
1216,9
1218,26
1220,24
1222,13
1224,5
1226,9
1228,12
1230,13
1232,10
1234,8
1236,7
1238,14
1240,12
1242,5
1244,13
1246,11
1248,9
1250,9
1252,9
1254,10
1256,13
1258,9
1260,16
1262,13
1264,10
1266,7
1268,8
1270,12
1272,17
1274,29
1276,23
1278,18
1280,7
1282,18
1284,8
1286,9
1288,7
1290,33
1292,8
1293,8
1295,12
1297,10
1299,17
1301,9
1303,9
1305,16
1307,15
1309,8
1311,4
1313,7
1315,10
1317,8
1319,12
1321,7
1323,11
1325,9
1327,6
1329,15
1331,11
1333,13
1335,12
1337,12
1339,19
1341,14
1343,11
1345,8
1347,16
1349,11
1351,17
1353,8
1355,7
1357,17
1359,24
1361,11
1363,16
1365,16
1367,14
1369,7
1371,12
1373,8
1375,12
1377,8
1379,7
1381,10
1383,10
1385,10
1387,10
1389,6
1391,10
1393,14
1395,14
1397,11
1399,11
1401,12
1403,11
1189,9
1406,10
1408,8
1410,6
1412,13
1414,11
1416,6
1418,10
1420,7
1422,5
1424,7
1426,5
1428,7
1430,12
1432,12
1434,10
1436,26
1438,10
1440,8
1442,9
1444,12
1446,12
1448,9
1450,10
1452,25
883,9
1455,24
1457,5
1459,19
1461,11
1463,8
1465,8
1467,9
1469,7
1471,23
1473,14
1475,14
1477,16
1479,17
1481,10
1483,15
1485,16
1487,8
1489,13
1491,20
1493,21
1495,10
1497,12
1499,10
1501,11
1503,11
1505,9
1507,9
1509,13
1511,15
1513,12
1515,13
1517,12
1519,5
1521,15
1523,37
1525,33
1527,10
1529,10
1531,8
1533,16
1535,30
1537,13
1539,11
1541,8
1543,12
1545,33
1547,7
1549,11
1551,21
1553,12
1555,14
1557,10
1559,23
1561,9
1563,20
1565,9
1567,12
1569,7
1571,22
1573,11
1575,15
1577,6
1579,17
1581,8
1583,13
1585,12
1587,11
1589,9
1591,15
1593,11
1595,15
1597,10
1599,17
1601,8
1603,10
1605,10
1607,16
1609,16
1611,9
1613,11
1615,13
1617,9
1619,5
1621,18
1623,22
1625,11
1627,25
1629,5
1631,16
1633,11
1635,7
1637,13
1639,13
1641,12
1643,12
1645,12
1647,5
1649,10
1651,14
1653,10
1655,8
1657,10
1659,8
1661,8
1663,12
1665,11
1667,9
1669,10
1671,6
1673,10
1675,13
1677,11
1679,12
1681,12
1683,27
1685,8
1687,9
1689,10
1691,7
1693,10
1695,8
1697,7
1699,14
1701,10
1703,9
1705,12
1707,11
1709,12
1711,13
1713,8
1715,14
1717,11
1719,25
1721,13
1723,19
1725,12
1727,12
1729,6
1731,25
1733,14
1735,12
1737,12
1739,13
1741,17
1743,10
1745,31
1747,7
1749,15
1751,23
1753,10
1755,16
1757,21
1759,15
1761,14
1763,11
1765,18
1767,11
1769,18
1771,8
1773,6
1775,18
1777,13
1779,15
1781,9
1783,29
1785,8
1787,13
1789,14
1791,7
1793,6
1795,19
1797,13
1799,12
1801,12
1803,11
1805,15
1807,16
1809,11
1811,6
1813,8
1815,8
1817,21
1819,7
1821,17
1823,12
1825,11
1827,8
1829,7
1831,8
1833,11
1835,24
1837,26
1839,6
1841,16
1843,8
1845,8
1847,13
1849,11
1851,13
1853,8
1855,9
1857,8
1859,25
1861,17
1863,6
1865,9
1867,11
1869,10
1871,10
1873,10
1875,10
1877,11
1879,8
1881,10
1883,8
1885,10
1887,7
1889,31
1891,8
1893,9
1895,6
1897,11
1899,8
1901,10
1903,19
1905,8
1907,12
1909,6
1911,14
1913,12
1915,8
1917,11
1919,10
1921,7
1923,11
1925,13
1927,11
1929,10
1931,8
1933,7
1935,26
1937,11
1939,19
1941,10
1943,10
1945,18
1947,19
1949,10
1951,8
1953,14
1955,11
1957,10
1959,13
1961,10
1963,12
1965,9
1967,8
1969,20
1971,15
1973,9
1975,8
1977,10
1979,14
1981,7
1983,14
1985,25
1987,12
1989,12
1991,27
1993,9
1995,14
1997,13
1999,12
2001,7
2003,9
2005,9
2007,10
2009,7
2011,20
2013,20
2015,9
2017,12
2019,9
2021,10
2023,5
2025,8
2027,19
2029,10
2031,9
2033,10
2035,10
2037,11
2039,25
2041,16
2043,12
2045,13
2047,16
2049,9
2050,27
2052,12
2054,7
2056,11
2058,11
2060,9
2062,9
2064,23
2066,33
2068,25
2070,9
2072,10
2074,9
2076,14
2078,9
2080,16
2082,10
2084,10
2086,22
2088,18
2090,9
2092,14
2094,9
2096,10
2098,13
2100,8
2102,7
2104,11
2106,26
2108,9
2110,12
2112,11
2114,13
2116,13
2118,6
2120,6
2122,8
2124,8
2126,10
2128,5
2130,17
2132,14
2134,27
2136,11
2138,19
2140,11
2142,35
2144,11
2146,14
2148,54
2150,20
2152,12
2154,9
2157,11
2159,7
2161,6
2163,8
2165,11
2167,11
2169,13
2171,8
2173,9
2175,10
2177,5
2179,8
2181,11
2183,6
2185,8
2187,11
2189,10
2191,15
2193,13
2195,17
2197,9
2199,6
2201,8
2203,20
2205,16
2207,4
2209,11
2211,9
2213,10
2215,17
2217,20
2219,20
2221,8
2222,9
2224,12
2226,9
2228,6
2230,14
2232,19
2234,13
2236,5
2238,29
2240,10
2242,12
2244,14
2246,13
2248,8
2250,16
2252,7
2254,5
2256,7
2258,11
2260,11
2262,9
2264,16
2266,13
2268,17
2270,10
2272,9
2274,14
2276,7
2278,24
2280,9
2282,13
2284,5
2286,11
2288,13
2290,30
2292,13
2294,28
2296,11
2298,6
2300,11
2302,15
2304,11
2306,8
2308,12
2310,9
2312,10
2314,12
2316,15
2318,10
2320,10
2322,10
2324,9
2326,17
2328,12
2330,33
2332,7
2334,15
2336,15
2338,15
2340,8
2342,11
2344,18
2346,23
2348,10
2350,14
2352,11
2354,13
2356,16
2358,5
2360,10
2362,7
2364,10
2366,11
2368,10
2370,14
2372,11
2374,20
2376,10
2378,12
2380,15
2382,8
2384,32
2386,9
2388,8
2390,13
2392,9
2394,30
2396,4
2398,14
2400,11
2402,40
2404,10
2406,18
2408,11
2410,13
2412,8
2414,9
2416,11
2418,11
2420,11
2422,14
2424,14
2426,13
2428,10
2430,19
2432,14
2434,15
2436,24
2438,9
2440,10
2442,7
2444,11
2446,15
2448,9
2450,25
2452,23
2454,12
2456,13
2458,12
2460,15
2462,15
2464,14
2466,23
2468,16
2470,15
2472,8
2474,9
2476,8
2478,15
2480,12
2482,10
2484,18
2486,6
2488,19
2490,16
2492,13
2494,18
2496,17
2498,16
2500,9
2502,12
2504,7
2506,10
2508,22
2510,13
2512,10
2514,13
2516,11
2518,9
2520,5
2522,14
2524,30
2526,11
2528,5
2530,7
2532,21
2534,12
2536,12
2538,9
2540,13
2542,37
2544,13
2546,18
2548,13
2550,12
2552,10
2554,12
2556,15
2558,11
2560,9
2562,10
2564,19
2566,9
2568,6
2570,25
2572,28
2574,12
2576,10
2578,9
2580,10
2582,11
2584,12
2586,25
2588,38
2590,23
2592,13
2594,36
2596,11
2598,10
2600,22
2602,13
2604,10
2606,18
2608,12
2610,13
2612,15
2614,21
2616,18
2618,9
2620,8
2622,12
2624,20
2626,16
2628,8
2630,11
2632,18
2634,8
2636,8
2638,11
2640,8
2642,9
2644,8
2646,8
2648,14
2650,10
2652,14
2654,13
2656,7
2657,9
2659,9
2661,17
2663,24
2665,11
2667,17
2669,13
2671,16
2673,12
2675,19
2677,9
2679,14
2681,12
2683,8
2685,20
2687,12
2689,17
2691,7
2693,24
2695,14
2697,7
2699,9
2701,21
2703,15
2705,14
2707,23
2709,20
2711,9
2713,6
2715,9
2717,12
2719,7
2721,7
2723,17
2725,21
2727,23
2729,21
2731,9
2733,10
2735,28
2737,18
2739,18
2740,10
2742,13
2744,13
2746,9
2748,17
2750,11
2752,9
2754,16
2756,10
2758,8
2760,15
2762,27
2764,9
2766,10
2768,6
2770,10
2772,9
2774,9
2776,13
2778,10
2780,12
2782,23
2784,9
2786,8
2788,15
2790,9
2792,11
2794,33
2796,9
2798,7
2800,12
2802,10
2804,21
2806,16
2808,11
2810,13
2812,4
2814,8
2816,11
2818,11
2820,21
2822,10
2824,10
2826,15
2828,16
2830,12
2832,11
2834,7
2836,11
2838,6
2840,14
2842,7
2843,6
2845,11
2848,8
2850,13
2852,8
2854,10
2856,14
2858,18
2860,9
2862,8
2864,13
2866,11
2868,17
2870,14
2872,9
2874,12
2876,26
2878,13
2880,7
2882,22
2884,13
2886,9
2888,25
2890,6
2892,23
2894,10
2896,9
2898,29
2900,6
2902,9
2904,15
2906,31
2908,34
2910,9
2912,5
2914,13
2916,10
2918,5
2920,13
2923,9
2925,18
2927,21
2929,16
2931,8
2933,14
2935,5
2937,12
2939,14
2941,18
2943,15
2945,12
2947,10
2949,12
2951,11
2953,9
2955,9
2957,23
2959,8
2961,10
2963,9
2965,14
2967,10
2969,9
2971,11
2973,10
2975,12
2977,29
2979,8
2981,8
2983,24
2985,9
2987,11
2989,9
2991,10
2993,8
2995,13
2997,9
2999,6
3001,18
3003,13
3005,10
3007,21
3009,18
3011,20
3013,6
3015,9
3017,27
3019,5
3021,15
3023,12
3025,8
3027,10
3029,13
3031,9
3033,13
3035,15
3037,12
3039,8
3041,10
3043,24
3045,13
3047,12
3049,12
3051,27
3053,10
3055,13
3057,21
3059,14
3061,16
3063,7
3065,11
3067,8
3069,12
3071,11
3073,7
3075,14
3077,10
3079,10
3081,13
3083,36
3085,11
3087,19
3089,6
3091,10
3093,12
3095,26
3097,16
3099,22
3101,10
3103,16
3105,14
3107,17
3109,8
3111,12
3113,12
3115,11
3117,8
3119,9
3122,9
3124,7
3126,16
3128,7
3130,8
3132,12
3134,25
3136,17
3138,8
3140,16
3142,14
3144,10
3146,5
3148,12
3150,10
3152,15
3154,12
3156,6
3158,16
3160,9
3162,9
3164,27
3166,22
3168,12
3170,10
3172,8
3174,7
3176,10
3178,8
3180,11
3182,17
3184,9
3186,13
3188,20
3190,11
3192,23
3194,21
3196,9
3198,20
3200,12
3202,17
3204,12
3206,9
3208,15
3210,13
3212,10
3214,76
3216,12
3218,18
3220,8
3222,7
3224,11
3226,8
3228,12
3230,18
3232,7
3234,8
3236,11
3238,10
3240,16
3242,10
3244,15
3246,13
3248,5
3250,8
3252,14
3254,28
3256,6
3258,5
3260,9
3262,8
3263,11
3265,10
3267,18
3269,6
3271,11
3273,7
3275,7
3277,12
3279,9
3281,13
3283,15
3285,25
3287,20
3289,20
3291,11
3293,42
3295,8
3297,11
3299,13
3301,20
3303,13
3305,7
3307,10
3309,5
3311,13
3313,12
3315,19
3317,6
3319,7
3321,12
3323,15
3325,7
3327,14
3329,5
3331,10
3333,20
3335,23
3337,8
3339,9
3341,16
3343,21
3345,11
3347,11
3349,20
3351,10
3353,24
3355,14
3357,14
3359,9
3361,12
3363,18
3365,10
3367,13
3369,11
3371,11
3373,9
3375,14
3377,22
3379,19
3381,19
3383,6
3385,28
3387,11
3389,11
3391,6
3393,12
3395,11
3397,20
3399,11
3401,31
3403,7
3405,8
3407,12
3409,9
3411,7
3413,8
3415,17
3417,31
3419,15
3421,13
3423,10
3425,33
3427,14
3429,8
3431,14
3433,15
3435,11
3437,17
3439,11
3441,9
3443,14
3445,14
3447,9
3449,11
3451,13
3453,8
3455,9
3457,10
3459,7
3461,10
3463,10
3465,12
3467,20
3469,8
3471,24
3473,10
3475,11
3477,10
3479,12
3481,5
3483,10
3485,22
3488,9
3490,9
3492,8
3494,8
3496,14
3498,8
3500,10
3502,18
3504,11
3506,6
3508,7
3510,18
3512,11
3514,18
3516,14
3518,11
3520,8
3522,12
3524,11
3526,18
3528,17
3530,9
3532,9
3534,24
3536,10
3538,21
3540,13
3542,7
877,15
3545,15
3547,13
3549,13
3551,11
3553,17
3555,32
3557,11
3559,10
3561,8
3563,5
3565,7
3567,13
3569,26
3571,9
3573,12
3575,9
3577,13
3579,12
3581,6
3583,28
3585,10
3587,7
3589,14
3591,12
3593,9
3595,6
3597,8
3599,12
3601,27
3603,7
3605,8
3607,12
3609,9
3611,20
3613,9
3615,11
3617,13
3619,12
3621,15
3623,10
3625,13
3627,9
3629,9
3631,16
3633,11
3635,8
3637,12
3639,7
3641,14
3643,17
3645,10
3647,12
3649,21
3651,7
3653,21
3655,14
3657,35
3659,7
3661,8
3663,6
3665,19
3667,9
3669,12
3671,11
3673,14
3675,15
3677,9
3679,18
3681,13
3683,10
3685,17
3687,34
3689,17
3691,8
3693,13
3695,13
3697,11
3699,9
3701,14
3703,9
3705,10
3707,13
3709,9
3711,13
3713,11
3715,11
3717,19
3719,11
3721,9
3723,9
3725,16
3727,17
3729,14
3731,6
3733,8
3735,12
3737,4
3739,11
3741,8
3743,14
3745,27
3747,10
3749,7
3751,15
3753,16
3755,11
3757,16
3759,10
3761,13
3763,9
3765,5
3767,10
3769,14
3771,9
2437,8
3774,17
3776,8
3778,21
3780,10
3782,9
3784,18
3786,6
3788,15
3790,8
3792,22
3794,11
3796,11
3798,17
3800,10
3802,13
3804,11
3807,8
3809,10
3811,9
3813,16
3815,22
3817,9
3819,25
3821,16
3823,10
3825,11
3827,32
3829,15
3831,14
3833,14
3835,6
3837,19
3839,8
3841,12
3843,9
3845,31
3847,7
3849,8
3851,21
3853,11
3855,15
3857,10
3859,11
3861,12
3863,14
3865,25
3867,6
3869,13
3871,6
3873,14
3876,14
3878,14
3880,8
3882,12
3884,14
3886,10
3888,24
3890,8
3892,11
3894,12
3896,7
3898,8
3900,9
3902,9
3904,34
3906,19
3908,27
3910,13
3912,15
3914,10
3916,13
3918,9
3920,18
3922,15
3924,14
3926,12
3928,14
3930,13
3932,13
3934,9
3936,24
3938,9
3940,14
3942,10
3944,14
3946,6
3947,9
3949,9
3951,10
3953,4
3955,22
3957,10
3959,9
3961,8
3963,16
3965,7
3967,12
3969,21
3971,10
3973,11
3975,13
3977,13
2,13
4,16
6,11
8,21
10,8
12,20
14,12
16,10
18,13
20,11
22,20
24,9
26,9
28,7
30,31
32,18
34,5
36,9
38,14
40,10
42,8
44,11
46,8
48,12
50,13
52,16
54,7
56,8
58,10
60,15
62,9
64,12
66,16
68,10
70,7
72,15
74,20
76,40
78,8
80,16
82,7
84,8
86,10
88,8
90,19
92,10
94,10
96,14
98,11
100,5
102,11
104,14
106,7
108,12
110,7
112,13
114,19
116,9
118,18
120,7
122,5
124,15
126,12
128,10
130,13
132,10
134,11
136,10
138,5
140,12
142,11
144,6
146,9
148,10
150,19
152,34
154,5
156,23
158,14
160,12
162,15
164,16
166,24
168,10
170,15
172,6
174,23
176,8
178,10
180,15
182,19
184,30
186,11
188,7
190,11
192,6
194,9
196,5
198,21
200,15
202,11
204,8
206,17
208,9
210,11
212,16
214,5
216,9
218,12
220,31
222,8
224,12
226,13
228,8
230,12
232,5
234,28
236,18
238,14
240,6
242,16
244,16
246,9
248,9
250,10
252,7
254,8
256,8
258,20
260,8
262,7
264,7
266,9
268,8
270,7
272,6
274,10
276,9
278,36
280,5
282,28
284,8
286,10
288,9
290,12
292,11
294,11
296,22
298,15
300,12
302,14
304,9
306,16
308,14
310,7
312,14
314,17
316,10
318,8
320,10
322,9
324,36
326,9
328,8
330,16
332,9
334,7
336,14
338,8
340,29
342,24
344,9
346,10
348,20
350,9
352,8
354,11
356,16
358,11
360,8
362,8
364,9
366,18
368,9
370,20
372,24
374,14
376,9
378,15
380,17
382,9
384,14
386,8
388,10
390,16
392,11
394,6
396,8
398,8
400,21
402,10
404,32
406,23
408,10
410,43
412,18
414,6
416,10
418,25
420,5
422,18
424,9
426,8
428,11
430,6
432,10
434,12
436,6
438,31
440,10
442,7
444,6
446,10
448,12
450,11
452,17
454,16
456,6
458,25
460,12
462,12
464,14
466,22
468,13
470,20
472,16
474,10
476,8
478,12
480,25
482,9
484,37
486,16
488,11
490,25
492,12
494,5
496,15
498,13
500,15
502,18
504,11
506,15
508,9
510,12
512,11
514,9
516,12
518,9
520,11
522,13
524,7
526,10
528,8
529,6
531,14
533,22
535,14
537,18
539,12
541,10
543,8
545,23
547,8
549,13
551,10
553,18
555,5
557,6
559,7
561,20
563,18
565,21
567,12
569,8
571,10
573,8
575,12
577,9
579,22
581,17
583,13
585,4
587,7
589,14
591,19
593,10
595,17
597,12
599,7
601,10
603,14
605,6
607,4
609,9
611,22
613,21
615,14
617,9
619,11
621,7
623,11
625,25
627,11
629,10
631,7
633,19
635,6
637,11
639,8
641,18
643,17
645,6
647,5
649,15
651,16
654,11
656,4
658,7
660,30
662,13
664,11
666,25
668,16
670,8
672,9
674,25
676,10
678,8
680,7
682,7
684,7
686,33
688,13
690,15
692,10
694,8
696,8
698,10
700,7
702,13
704,15
707,16
709,26
711,17
713,9
715,12
717,5
719,8
721,6
723,33
725,13
727,10
729,8
731,11
733,17
735,8
737,9
739,8
741,32
743,14
745,10
747,10
749,23
751,15
753,9
755,7
757,15
759,12
761,11
763,14
765,12
767,14
769,9
771,9
773,14
775,5
777,13
779,11
781,13
783,9
785,18
787,11
789,6
791,13
793,13
795,42
797,15
799,10
801,17
803,9
805,9
807,9
809,7
811,38
813,13
815,13
817,7
819,20
821,8
823,11
825,10
827,23
829,15
831,5
833,8
835,32
837,8
839,8
841,6
843,8
845,21
847,9
849,16
851,11
853,26
855,11
857,11
859,7
861,13
863,11
865,18
867,9
869,8
871,12
873,6
875,12
879,13
881,15
885,6
887,11
889,12
891,14
893,7
895,11
897,29
899,9
901,8
903,7
905,8
907,8
909,25
911,18
913,13
915,14
917,8
919,14
921,9
923,10
925,11
927,8
929,28
931,11
933,7
935,13
937,11
939,27
941,6
943,23
945,17
947,31
949,7
951,10
953,7
955,8
957,12
959,11
961,11
963,7
965,10
967,11
969,5
971,15
973,7
975,11
977,14
979,13
981,9
983,8
985,8
987,13
989,5
991,19
993,13
995,10
997,7
999,13
1001,7
1003,6
1005,14
1007,11
1009,5
1011,11
1013,6
1015,8
1017,10
1019,14
1021,19
1023,6
1025,10
1027,5
1029,8
1031,9
1033,10
1035,11
1037,9
1039,10
1041,11
1043,7
1045,12
1047,7
1049,9
1051,12
1053,10
1055,35
1057,14
1059,17
1061,14
1063,8
1065,7
1067,7
1069,25
1071,13
1073,23
1075,10
1077,9
1079,10
1081,10
1083,19
1085,21
1087,8
1089,13
1091,26
1093,8
1095,5
1097,12
1099,9
1101,11
1103,11
1105,8
1107,14
1109,10
1111,6
1113,10
1115,12
1117,7
1119,8
1121,13
1123,12
1125,7
1127,8
1129,14
1131,20
1133,19
1135,6
1137,17
1139,28
1141,11
1143,11
1145,14
1147,11
1149,8
1151,13
1153,6
1155,10
1157,14
1159,10
1161,7
1163,13
1165,17
1167,8
1169,13
1171,7
1173,18
1175,9
1177,12
1179,10
1181,8
1183,8
1185,9
1187,19
1191,9
1193,17
1195,14
1197,36
1199,7
1201,5
1203,11
1205,6
1207,16
1209,10
1211,16
1213,9
1215,9
1217,7
1219,18
1221,16
1223,15
1225,6
1227,9
1229,15
1231,14
1233,10
1235,10
1237,6
1239,10
1241,12
1243,7
1245,9
1247,11
1249,7
1251,9
1253,8
1255,13
1257,14
1259,9
1261,13
1263,15
1265,13
1267,7
1269,15
1271,7
1273,19
1275,22
1277,21
1279,22
1281,8
1283,14
1285,15
1287,9
1289,10
1291,39
1294,10
1296,15
1298,9
1300,29
1302,9
1304,6
1306,11
1308,10
1310,7
1312,5
1314,7
1316,16
1318,10
1320,10
1322,10
1324,11
1326,8
1328,6
1330,20
1332,6
1334,9
1336,12
1338,9
1340,11
1342,9
1344,21
1346,9
1348,15
1350,8
1352,15
1354,10
1356,4
1358,13
1360,19
1362,28
1364,12
1366,26
1368,11
1370,8
1372,11
1374,7
1376,20
1378,6
1380,8
1382,7
1384,20
1386,15
1388,9
1390,10
1392,11
1394,15
1396,11
1398,7
1400,13
1402,9
1404,11
1405,10
1407,8
1409,9
1411,7
1413,10
1415,6
1417,9
1419,24
1421,8
1423,7
1425,9
1427,6
1429,5
1431,10
1433,9
1435,10
1437,9
1439,24
1441,7
1443,11
1445,9
1447,5
1449,8
1451,10
1453,26
1454,9
1456,6
1458,12
1460,30
1462,8
1464,6
1466,16
1468,11
1470,11
1472,9
1474,12
1476,15
1478,13
1480,18
1482,34
1484,10
1486,22
1488,6
1490,32
1492,19
1494,30
1496,10
1498,14
1500,9
1502,14
1504,7
1506,6
1508,12
1510,14
1512,13
1514,10
1516,7
1518,13
1520,18
1522,6
1524,47
1526,8
1528,7
1530,25
1532,11
1534,17
1536,46
1538,5
1540,12
1542,9
1544,12
1546,11
1548,5
1550,7
1552,14
1554,13
1556,23
1558,14
1560,10
1562,26
1564,17
1566,12
1568,19
1570,7
1572,24
1574,10
1576,13
1578,6
1580,18
1582,6
1584,32
1586,11
1588,13
1590,8
1592,14
1594,11
1596,15
1598,26
1600,19
1602,11
1604,14
1606,10
1608,12
1610,42
1612,11
1614,12
1616,11
1618,9
1620,7
1622,9
1624,12
1626,11
1628,9
1630,6
1632,16
1634,11
1636,6
1638,9
1640,13
1642,9
1644,23
1646,11
1648,8
1650,8
1652,19
1654,10
1656,11
1658,12
1660,6
1662,8
1664,11
1666,10
1668,11
1670,10
1672,7
1674,27
1676,12
1678,19
1680,23
1682,11
1684,7
1686,9
1688,12
1690,11
1692,7
1694,11
1696,18
1698,13
1700,9
1702,8
1704,9
1706,8
1708,8
1710,41
1712,14
1714,8
1716,10
1718,20
1720,29
1722,9
1724,24
1726,20
1728,10
1730,5
1732,12
1734,9
1736,12
1738,16
1740,12
1742,17
1744,10
1746,17
1748,7
1750,16
1752,26
1754,11
1756,32
1758,21
1760,15
1762,14
1764,18
1766,19
1768,13
1770,22
1772,7
1774,13
1776,16
1778,13
1780,19
1782,9
1784,16
1786,6
1788,10
1790,8
1792,6
1794,7
1796,11
1798,21
1800,11
1802,14
1804,10
1806,15
1808,14
1810,16
1812,10
1814,7
1816,6
1818,19
1820,7
1822,13
1824,15
1826,12
1828,8
1830,6
1832,8
1834,8
1836,25
1838,8
1840,9
1842,19
1844,12
1846,9
1848,9
1850,16
1852,6
1854,8
1856,15
1858,8
1860,36
1862,17
1864,12
1866,6
1868,15
1870,5
1872,15
1874,10
1876,14
1878,10
1880,7
1882,8
1884,11
1886,8
1888,11
1890,14
1892,12
1894,9
1896,14
1898,13
1900,8
1902,9
1904,17
1906,9
1908,12
1910,7
1912,14
1914,11
1916,8
1918,10
1920,9
1922,7
1924,6
1926,14
1928,10
1930,8
1932,6
1934,6
1936,10
1938,10
1940,6
1942,8
1944,14
1946,17
1948,19
1950,32
1952,8
1954,11
1956,10
1958,12
1960,14
1962,11
1964,13
1966,8
1968,9
1970,20
1972,7
1974,10
1976,12
1978,11
1980,6
1982,7
1984,18
1986,19
1988,18
1990,11
1992,27
1994,7
1996,9
1998,13
2000,12
2002,8
2004,15
2006,13
2008,9
2010,8
2012,31
2014,11
2016,9
2018,13
2020,9
2022,8
2024,4
2026,14
2028,30
2030,26
2032,9
2034,44
2036,9
2038,30
2040,15
2042,12
2044,9
2046,19
2048,11
2051,13
2053,13
2055,7
2057,9
2059,14
2061,10
2063,16
2065,10
2067,20
2069,25
2071,13
2073,15
2075,10
2077,15
2079,12
2081,9
2083,11
2085,9
2087,17
2089,16
2091,9
2093,10
2095,16
2097,11
2099,7
2101,10
2103,11
2105,41
2107,33
2109,10
2111,10
2113,12
2115,13
2117,23
2119,5
2121,17
2123,12
2125,9
2127,23
2129,12
2131,16
2133,15
2135,16
2137,9
2139,13
2141,10
2143,16
2145,7
2147,11
2149,25
2151,13
2153,15
2155,15
2156,10
2158,13
2160,17
2162,7
2164,9
2166,12
2168,12
2170,9
2172,9
2174,11
2176,12
2178,8
2180,9
2182,8
2184,33
2186,8
2188,21
2190,23
2192,14
2194,15
2196,14
2198,6
2200,8
2202,9
2204,20
2206,17
2208,6
2210,12
2212,10
2214,7
2216,13
2218,32
2220,20
2223,13
2225,12
2227,11
2229,5
2231,13
2233,20
2235,16
2237,6
2239,20
2241,10
2243,19
2245,11
2247,8
2249,11
2251,10
2253,7
2255,6
2257,5
2259,15
2261,12
2263,7
2265,41
2267,6
2269,10
2271,7
2273,11
2275,12
2277,21
2279,15
2281,18
2283,12
2285,6
2287,26
2289,14
2291,12
2293,10
2295,56
2297,7
2299,4
2301,13
2303,9
2305,8
2307,7
2309,9
2311,7
2313,13
2315,13
2317,15
2319,12
2321,11
2323,8
2325,8
2327,9
2329,12
2331,24
2333,10
2335,9
2337,18
2339,10
2341,8
2343,16
2345,20
2347,11
2349,11
2351,23
2353,11
2355,26
2357,24
2359,7
2361,27
2363,16
2365,12
2367,10
2369,10
2371,10
2373,12
2375,26
2377,11
2379,11
2381,14
2383,6
2385,25
2387,7
2389,11
2391,9
2393,7
2395,21
2397,5
2399,12
2401,14
2403,19
2405,26
2407,4
2409,22
2411,13
2413,9
2415,11
2417,12
2419,12
2421,11
2423,11
2425,16
2427,9
2429,9
2431,19
2433,20
2435,15
2439,8
2441,9
2443,7
2445,12
2447,10
2449,10
2451,11
2453,24
2455,12
2457,21
2459,18
2461,16
2463,21
2465,21
2467,38
2469,16
2471,12
2473,17
2475,11
2477,8
2479,13
2481,11
2483,18
2485,13
2487,7
2489,12
2491,13
2493,11
2495,7
2497,10
2499,15
2501,7
2503,16
2505,14
2507,12
2509,17
2511,9
2513,10
2515,11
2517,28
2519,16
2521,7
2523,13
2525,17
2527,9
2529,6
2531,7
2533,10
2535,15
2537,13
2539,9
2541,9
2543,24
2545,23
2547,19
2549,9
2551,16
2553,10
2555,7
2557,12
2559,9
2561,9
2563,10
2565,18
2567,8
2569,7
2571,17
2573,16
2575,17
2577,9
2579,9
2581,9
2583,11
2585,20
2587,14
2589,33
2591,19
2593,13
2595,28
2597,10
2599,10
2601,32
2603,12
2605,7
2607,14
2609,10
2611,6
2613,12
2615,27
2617,21
2619,10
2621,9
2623,13
2625,20
2627,20
2629,10
2631,13
2633,10
2635,9
2637,9
2639,24
2641,5
2643,11
2645,9
2647,11
2649,17
2651,12
2653,16
2655,10
2658,7
2660,9
2662,9
2664,12
2666,24
2668,15
2670,14
2672,9
2674,11
2676,19
2678,9
2680,21
2682,10
2684,7
2686,19
2688,14
2690,18
2692,6
2694,9
2696,12
2698,11
2700,9
2702,7
2704,15
2706,19
2708,35
2710,10
2712,10
2714,8
2716,9
2718,12
2720,14
2722,7
2724,33
2726,17
2728,23
2730,23
2732,6
2734,9
2736,31
2738,18
2741,20
2743,13
2745,10
2747,11
2749,30
2751,10
2753,12
2755,13
2757,7
2759,7
2761,7
2763,21
2765,12
2767,12
2769,11
2771,18
2773,17
2775,10
2777,8
2779,14
2781,11
2783,37
2785,14
2787,8
2789,10
2791,13
2793,12
2795,24
2797,11
2799,8
2801,10
2803,9
2805,13
2807,12
2809,10
2811,6
2813,4
2815,8
2817,8
2819,14
2821,17
2823,10
2825,12
2827,12
2829,8
2831,8
2833,15
2835,7
2837,22
2839,7
2841,9
2844,6
2846,19
2847,8
2849,5
2851,35
2853,17
2855,10
2857,11
2859,8
2861,11
2863,21
2865,11
2867,16
2869,17
2871,11
2873,10
2875,11
2877,13
2879,11
2881,8
2883,15
2885,28
2887,9
2889,22
2891,5
2893,22
2895,9
2897,11
2899,16
2901,11
2903,7
2905,16
2907,10
2909,13
2911,24
2913,5
2915,12
2917,10
2919,5
2921,17
2922,12
2924,13
2926,11
2928,21
2930,18
2932,9
2934,17
2936,6
2938,11
2940,10
2942,19
2944,30
2946,13
2948,10
2950,12
2952,21
2954,33
2956,9
2958,30
2960,12
2962,11
2964,14
2966,10
2968,14
2970,11
2972,11
2974,21
2976,9
2978,30
2980,7
2982,10
2984,12
2986,8
2988,10
2990,8
2992,14
2994,10
2996,13
2998,15
3000,7
3002,9
3004,13
3006,9
3008,9
3010,6
3012,11
3014,5
3016,6
3018,22
3020,8
3022,13
3024,9
3026,12
3028,12
3030,9
3032,25
3034,14
3036,13
3038,11
3040,9
3042,11
3044,16
3046,15
3048,11
3050,26
3052,11
3054,11
3056,10
3058,21
3060,21
3062,8
3064,6
3066,12
3068,5
3070,7
3072,28
3074,12
3076,8
3078,9
3080,8
3082,19
3084,9
3086,12
3088,25
3090,9
3092,10
3094,10
3096,22
3098,29
3100,8
3102,5
3104,9
3106,9
3108,6
3110,14
3112,9
3114,7
3116,14
3118,7
3120,12
3121,18
3123,9
3125,7
3127,26
3129,37
3131,9
3133,13
3135,15
3137,10
3139,7
3141,11
3143,19
3145,11
3147,8
3149,7
3151,11
3153,18
3155,11
3157,11
3159,10
3161,11
3163,19
3165,17
3167,12
3169,10
3171,10
3173,10
3175,8
3177,7
3179,12
3181,9
3183,20
3185,16
3187,15
3189,30
3191,23
3193,14
3195,11
3197,12
3199,18
3201,10
3203,16
3205,10
3207,8
3209,12
3211,12
3213,10
3215,14
3217,16
3219,17
3221,9
3223,10
3225,14
3227,15
3229,26
3231,25
3233,31
3235,8
3237,9
3239,10
3241,19
3243,10
3245,15
3247,13
3249,8
3251,8
3253,10
3255,12
3257,11
3259,10
3261,9
3264,11
3266,10
3268,25
3270,8
3272,10
3274,7
3276,8
3278,11
3280,10
3282,12
3284,12
3286,12
3288,32
3290,9
3292,29
3294,9
3296,5
3298,12
3300,13
3302,8
3304,12
3306,7
3308,9
3310,5
3312,30
3314,10
3316,11
3318,8
3320,7
3322,12
3324,33
3326,9
3328,66
3330,13
3332,12
3334,11
3336,15
3338,8
3340,8
3342,13
3344,13
3346,15
3348,11
3350,21
3352,13
3354,10
3356,7
3358,20
3360,8
3362,11
3364,15
3366,11
3368,14
3370,12
3372,10
3374,9
3376,11
3378,10
3380,20
3382,10
3384,12
3386,24
3388,9
3390,11
3392,26
3394,8
3396,8
3398,22
3400,11
3402,10
3404,8
3406,10
3408,13
3410,15
3412,10
3414,26
3416,14
3418,9
3420,8
3422,11
3424,12
3426,18
3428,11
3430,10
3432,9
3434,8
3436,8
3438,5
3440,11
3442,7
3444,14
3446,9
3448,8
3450,12
3452,13
3454,15
3456,9
3458,12
3460,7
3462,13
3464,9
3466,10
3468,17
3470,7
3472,47
3474,22
3476,14
3478,22
3480,18
3482,7
3484,19
3486,22
3487,13
3489,20
3491,10
3493,8
3495,8
3497,15
3499,7
3501,16
3503,17
3505,33
3507,12
3509,7
3511,28
3513,11
3515,10
3517,13
3519,9
3521,8
3523,16
3525,10
3527,9
3529,17
3531,9
3533,8
3535,21
3537,26
3539,17
3541,11
3543,7
3544,15
3546,15
3548,15
3550,15
3552,15
3554,18
3556,31
3558,22
3560,17
3562,9
3564,8
3566,9
3568,14
3570,30
3572,6
3574,7
3576,10
3578,6
3580,17
3582,13
3584,12
3586,8
3588,9
3590,7
3592,13
3594,15
3596,10
3598,7
3600,9
3602,19
3604,6
3606,12
3608,14
3610,8
3612,17
3614,19
3616,9
3618,11
3620,15
3622,15
3624,14
3626,12
3628,26
3630,9
3632,16
3634,12
3636,5
3638,10
3640,10
3642,10
3644,33
3646,25
3648,15
3650,42
3652,29
3654,8
3656,10
3658,10
3660,9
3662,7
3664,8
3666,12
3668,10
3670,12
3672,20
3674,10
3676,13
3678,9
3680,7
3682,9
3684,10
3686,10
3688,34
3690,27
3692,16
3694,12
3696,25
3698,12
3700,6
3702,19
3704,9
3706,10
3708,13
3710,11
3712,8
3714,10
3716,8
3718,10
3720,18
3722,10
3724,8
3726,9
3728,19
3730,10
3732,9
3734,9
3736,7
3738,5
3740,6
3742,7
3744,14
3746,31
3748,9
3750,6
3752,28
3754,15
3756,8
3758,10
3760,9
3762,25
3764,7
3766,4
3768,7
3770,10
3772,8
3773,11
3775,14
3777,13
3779,8
3781,19
3783,9
3785,20
3787,36
3789,6
3791,8
3793,10
3795,10
3797,13
3799,10
3801,11
3803,13
3805,8
3806,11
3808,8
3810,12
3812,4
3814,9
3816,7
3818,9
3820,15
3822,14
3824,9
3826,9
3828,86
3830,15
3832,11
3834,6
3836,7
3838,6
3840,8
3842,6
3844,10
3846,26
3848,8
3850,15
3852,21
3854,9
3856,15
3858,10
3860,11
3862,9
3864,11
3866,27
3868,8
3870,11
3872,9
3874,23
3875,22
3877,14
3879,14
3881,10
3883,11
3885,30
3887,11
3889,22
3891,8
3893,12
3895,12
3897,7
3899,6
3901,9
3903,9
3905,11
3907,8
3909,12
3911,10
3913,13
3915,6
3917,11
3919,13
3921,7
3923,12
3925,11
3927,16
3929,14
3931,13
3933,13
3935,9
3937,9
3939,12
3941,40
3943,9
3945,14
3948,16
3950,9
3952,10
3954,5
3956,24
3958,9
3960,9
3962,21
3964,16
3966,10
3968,16
3970,6
3972,7
3974,16
3976,9
3978,12
